model_type,mean,std_err,n,.config,is_best,test_auc,train_rows,test_rows,cv_folds,penalty,mixture,C,mtry,trees,min_n,learn_rate,tree_depth
Logistic Regression,0.8799425770308122,0.015273743264985911,587,Logistic_Regression_1,False,,587,252,10,l1,,0.1,,,,,
Logistic Regression,0.8775840336134454,0.01561103579645504,587,Logistic_Regression_2,False,,587,252,10,l2,,0.1,,,,,
Logistic Regression,0.8732366946778711,0.01675686936136364,587,Logistic_Regression_3,False,,587,252,10,l1,,1.0,,,,,
Logistic Regression,0.8719278711484595,0.017078153591267905,587,Logistic_Regression_4,False,,587,252,10,l2,,1.0,,,,,
Logistic Regression,0.869107843137255,0.018247389252516965,587,Logistic_Regression_5,False,,587,252,10,l1,,10.0,,,,,
Logistic Regression,0.8693480392156863,0.018171988535641462,587,Logistic_Regression_6,False,,587,252,10,l2,,10.0,,,,,
Logistic Regression,0.8778200280112045,0.015361840116230353,587,Logistic_Regression_7,False,,587,252,10,elasticnet,0.25,0.1,,,,,
Logistic Regression,0.8793753501400561,0.015114154525728367,587,Logistic_Regression_8,False,,587,252,10,elasticnet,0.5,0.1,,,,,
Logistic Regression,0.8807962184873951,0.0153230205641438,587,Logistic_Regression_9,True,0.8808477642801757,587,252,10,elasticnet,0.75,0.1,,,,,
Logistic Regression,0.8718165266106442,0.017017039692472185,587,Logistic_Regression_10,False,,587,252,10,elasticnet,0.25,1.0,,,,,
Logistic Regression,0.8724033613445379,0.01689879262511611,587,Logistic_Regression_11,False,,587,252,10,elasticnet,0.5,1.0,,,,,
Logistic Regression,0.8731155462184873,0.016829868849467446,587,Logistic_Regression_12,False,,587,252,10,elasticnet,0.75,1.0,,,,,
Logistic Regression,0.8693480392156863,0.018171988535641462,587,Logistic_Regression_13,False,,587,252,10,elasticnet,0.25,10.0,,,,,
Logistic Regression,0.8693480392156863,0.018171988535641462,587,Logistic_Regression_14,False,,587,252,10,elasticnet,0.5,10.0,,,,,
Logistic Regression,0.8692254901960783,0.018172681088572024,587,Logistic_Regression_15,False,,587,252,10,elasticnet,0.75,10.0,,,,,
Random Forest,0.8618368347338935,0.009957559042013403,587,Random_Forest_1,False,,587,252,10,,,,sqrt,200.0,1.0,,
Random Forest,0.862780112044818,0.010130920929531283,587,Random_Forest_2,False,,587,252,10,,,,sqrt,500.0,1.0,,
Random Forest,0.8897321428571429,0.010836553320018044,587,Random_Forest_3,False,,587,252,10,,,,sqrt,200.0,5.0,,
Random Forest,0.8925973389355744,0.009783535550120799,587,Random_Forest_4,True,0.8930279141897131,587,252,10,,,,sqrt,500.0,5.0,,
Random Forest,0.8704621848739496,0.007504937229544443,587,Random_Forest_5,False,,587,252,10,,,,0.5,200.0,1.0,,
Random Forest,0.8697818627450982,0.00652537932841162,587,Random_Forest_6,False,,587,252,10,,,,0.5,500.0,1.0,,
Random Forest,0.8885241596638656,0.00958879346702071,587,Random_Forest_7,False,,587,252,10,,,,0.5,200.0,5.0,,
Random Forest,0.8881257002801121,0.009681401801815781,587,Random_Forest_8,False,,587,252,10,,,,0.5,500.0,5.0,,
XGBoost,0.8921467086834735,0.00965673255826285,587,XGBoost_1,True,0.8819139312483846,587,252,10,,,,0.7,,,0.05,3.0
XGBoost,0.8904898459383753,0.010022712890551906,587,XGBoost_2,False,,587,252,10,,,,0.7,,,0.05,3.0
XGBoost,0.8860297619047619,0.008660507525083105,587,XGBoost_3,False,,587,252,10,,,,0.7,,,0.05,5.0
XGBoost,0.879391806722689,0.008662193192234583,587,XGBoost_4,False,,587,252,10,,,,0.7,,,0.05,5.0
XGBoost,0.8892692577030813,0.00957053104632373,587,XGBoost_5,False,,587,252,10,,,,0.7,,,0.1,3.0
XGBoost,0.8848981092436972,0.010441918295553626,587,XGBoost_6,False,,587,252,10,,,,0.7,,,0.1,3.0
XGBoost,0.8755416666666667,0.009242186846711924,587,XGBoost_7,False,,587,252,10,,,,0.7,,,0.1,5.0
XGBoost,0.8653273809523808,0.010407682579730097,587,XGBoost_8,False,,587,252,10,,,,0.7,,,0.1,5.0
XGBoost,0.8856554621848739,0.009674006596549298,587,XGBoost_9,False,,587,252,10,,,,1.0,,,0.05,3.0
XGBoost,0.8862860644257701,0.009877077201602828,587,XGBoost_10,False,,587,252,10,,,,1.0,,,0.05,3.0
XGBoost,0.8851306022408965,0.008559517164365416,587,XGBoost_11,False,,587,252,10,,,,1.0,,,0.05,5.0
XGBoost,0.8761817226890758,0.008262628711824604,587,XGBoost_12,False,,587,252,10,,,,1.0,,,0.05,5.0
XGBoost,0.8849632352941177,0.009130349870576218,587,XGBoost_13,False,,587,252,10,,,,1.0,,,0.1,3.0
XGBoost,0.8784352240896357,0.010137662073701006,587,XGBoost_14,False,,587,252,10,,,,1.0,,,0.1,3.0
XGBoost,0.873360994397759,0.00857295395430104,587,XGBoost_15,False,,587,252,10,,,,1.0,,,0.1,5.0
XGBoost,0.860358893557423,0.009287568327887463,587,XGBoost_16,False,,587,252,10,,,,1.0,,,0.1,5.0
